german;
Scherschneiden;Shearing
abschneiden;Cutting
Durchlaufschere;Continuous shears
Schutzausrüstung, persönlich;Personal protective equipment
Arbeitshandschuh;Work gloves
Arbeitshelm;Safety helmet
Arbeitsschuh;Work shoes
Schutzhelm;Safety helmet
Sicherheitsschuh;Safety shoes
Schutzhandschuh;Protective gloves
Gehörschützer;Ear protection
Ohrenschützer;Ear protectors
Schweißerschutzbrille;Welding goggles
Atemmaske;Respirator
Mundschutzmaske;Face mask
Schutzbrille;Safety glasses
Schweißerbrille;Welding goggles
Flamme, offen;Open flame
Gefahrlosigkeit;Safe
kein Trinkwasser;No drinking water
Rettung;Rescue
Brandschutz;Fire protection
Feuer verboten;No smoking
Fußgänger verboten;No pedestrians
Gebot;Requirement
Rauchen verboten;No smoking
Verbot;Prohibition
Verbotszeichen, allgemein;Prohibition sign, general
Warnung;Warning
Abstellen verboten;No parking
Flurförderzeuge verboten;Industrial trucks prohibited
Last: keine schwere Last;Load: no heavy loads
Mobiltelefon verboten;No cell phones
Aufsteigen verboten;No climbing
Aufzug im Brandfall nicht benutzen;Do not use the elevator in case of fire
Berühren verboten;Do not touch
Essen und Trinken verboten;No eating or drinking
Hineinfassen verboten;Do not reach inside
mit Wasser löschen verboten;Do not extinguish with water
Fotografieren verboten;No photography
handgeführte(s) Schleifen verboten;No hand-held grinding
Schalten verboten;Shifting prohibited
Seitenschleifen verboten;Side grinding prohibited
Treten hinter den Schwenkarm verboten;No stepping behind the swing arm
Unbefugte, kein Zutritt;Unauthorized persons, no entry
Benutzen von Handschuhen verboten;Use of gloves prohibited
Besteigen für Unbefugte verboten;Unauthorized persons prohibited from climbing
Betreten der Fläche verboten;No entry to this area
Personenbeförderung verboten;Transportation of persons prohibited
Anleitung beachten;Follow instructions
Augenschutz benutzen;Wear eye protection
erden, vor Benutzung;Ground the unit before use
Fußschutz benutzen;Wear foot protection
Gebotszeichen, allgemein;Mandatory sign, general
Gehörschutz benutzen;Use hearing protection
Handschutz benutzen;Use hand protection
Netzstecker ziehen;Unplug the power cord
Schutzkleidung benutzen;Wear protective clothing
Atemschutz benutzen;Use respiratory protection
Auffanggurt benutzen;Use a safety harness
Rückhaltesystem benutzen;Use a fall arrest system
freischalten, vor Wartung oder Reparatur;Disconnect power before maintenance or repair
Gesichtsschutz benutzen;Use face protection
Hände waschen;Wash hands
Kopfschutz benutzen;Use head protection
Maske benutzen;Use a mask
Schweißmaske benutzen;Use a welding mask
Warnweste benutzen;Wear a high-visibility vest
Fußgängerweg benutzen;Use the sidewalk
Handcreme benutzen;Use hand cream
Hautschutzmittel benutzen;Use skin protection
Stoffe, explosionsgefährlich;Substances, explosive
Übergang benutzen;Use the crosswalk
Warnzeichen, allgemein;Warning sign, general
Fußgängerüberweg benutzen;Use crosswalk
Laserstrahlen;Laser beams
Schutzschürze benutzen;Use protective apron
Sperren;Barriers
Stoff, radioaktiv;Radioactive material
Strahlung, ionisierend;Ionizing radiation
Strahlung, nicht ionisierend;Non-ionizing radiation
Absturzgefahr;Risk of falling
Biogefährdung;Biological hazard
Flurförderfahrzeug;Industrial truck
Hindernis am Boden;Obstacle on the ground
Last, schwebend;Suspended load
Frost, niedrige Temperatur;Frost, low temperature
Feld, magnetisch;Magnetic field
Frost;Frost
Magnetfeld;Magnetic field
Rutschgefahr;Slip hazard
Stoff, giftig;Toxic substance
Spannung,elektrisch;Electrical voltage
Anlauf, automatisch;Automatic start
explosionsfähige Atmosphäre;Explosive atmosphere
Gasflasche;Gas cylinder
Handverletzung;Hand injury
Hindernis im Kopfbereich;Obstacle in the head area
Quetschgefahr;Risk of crushing
Stoff, ätzend;Corrosive substance
Stoff, brandfördernd;Substance, oxidizing
Stoff, feuergefährlich;Substance, flammable
Strahlung, optisch;Optical radiation
AED (Automatisierter Externer Defibrillator);AED (Automated External Defibrillator)
Arzt;Doctor
Augendusche;Eye wash
Augenspüleinrichtung;Eye wash station
Doktor;Doctor
Erste Hilfe;First aid
Notausgangsvorrichtung;Emergency exit device
Notdusche;Emergency shower
Notruftelefon;Emergency telephone
Sammelstelle;Assembly point
Notausstieg mit Fluchtleiter;Emergency exit with escape ladder
Öffnen durch Rechtsdrehung;Open by turning clockwise
Rettungsausrüstung, öffentlich;Rescue equipment, public
Krankentrage;Stretcher
Notausgang rechts;Emergency exit on the right
Notausstieg;Emergency exit
Rettungsausstieg;Emergency exit
Brandbekämpfung, Mittel und Gerät;Firefighting, equipment and tools
Brandmeldetelefon;Fire alarm telephone
Feuerleiter;Fire escape
Brandmelder;Fire alarm
Kombinationszeichen;Combination symbol
Feuerlöscher;Fire extinguisher
Feuermelder;Fire alarm
Löschschlauch;Fire hose
ätzend;Corrosive
gesundheitsschädigend;harmful to health
gesundheitsgefährdend;harmful to health
giftig;toxic
hochentzündlich;highly flammable
Flucht- und Rettungsplan;Evacuation and Rescue Plan
Erste Hilfe, Anleitung;First aid, instructions
Betriebsanleitung (Leiter);Operating instructions (ladder)
Betriebsanweisung (Gefahrstoffe);Operating instructions (hazardous substances)
Aluleiter;Aluminum ladder
Aluminiumleiter;Aluminum ladder
Anlegeleiter;Single ladder
Ausziehleiter;Extendable ladder
Leiter anlegen;Setting up a ladder
rutschfest;non-slip
Spreizsicherung;Anti-spread device
Stehleiter;Step ladder
Bordbrett;Step board
Geländerholm;Handrail
Gerüst auf Rollen;Scaffold on casters
Zwischenholm;Crossbar
Gerüst;Scaffold
Kleingerüst;Small scaffold
Spannmutter;Tension nut
Zahnteilung;Tooth pitch
Handbügelsäge;Hand-held hacksaw
Sägeblatt;Saw blade
sägen;Sawing
Schraubstock;Vise
Stichsäge;Jigsaw
Zahn;Tooth
Hubsägemaschine;Jig saw
Kapp- und Gehrungssäge;Mitre saw
Kreissäge;Circular saw
Kreissägemaschine;Circular saw
Rohrsäge;Pipe saw
bohren;Drilling
aufbohren;Reaming
vorbohren;pre-drilling
kernbohren;core drilling
Bohrer;Drill
Bohrertyp;Drill type
H - harte Werkstoffe;H - hard materials
N - normale Werkstoffe;N - normal materials
Schneidteil;Cutting edge
Zylinderschaft;Cylindrical shank
Spanwinkel;Cutting angle
Spiralbohrer;Twist drill
Spitzenlänge;Tip length
Spitzenwinkel;Point angle
W - weiche Werkstoffe;W - soft materials
Betonbohrer;Concrete drill bit
Blechbohrer;Sheet metal drill
Holz- und Kunststoffbohrer;Wood and plastic drill bits
HSS-Bohrer;HSS drill bits
Schälbohrer;Fluted drill bits
Steinbohrer;Stone drill bits
Metallbohrer;Metal drill bits
Akkubohrhammer;Cordless hammer drill
Bohrhammer;Hammer drill
Bohrkrone;Core drill
Kernbohrmaschine;Core drill
Schlagbohrmaschine;Impact drill
Säulenbohrmaschine;Column drill
Bohrspindel;Drill spindle
Bohrtisch;Drilling table
Drehzahlmesser;RPM meter
Drehzahlverstellung;Speed adjustment
Fußplatte;Base plate
Kühlmittelschlauch;Coolant hose
Feststellhebel;Lock lever
Kühlmittelpumpe;Coolant pump
Kurbel;Crank
Not-Aus;Emergency stop
Riemengetriebe;Belt drive
Säule;Column
Tiefenanschlag;Depth stop
Vorschub;Feed
Werkstückaufnahme;Workpiece holder
Elektromotor;Electric motor
Bohrfutter für Bohrer mit Längsnut;Drill chuck for drills with longitudinal slot
Bohrfutterschlüssel;Drill chuck key
Kegelsenker;Tapered countersink
Querlochsenker;Cross-slot countersink
Zahnkranzbohrfutter;Serrated collet chuck
Flachsenker;Flat countersink
Längsnut;Longitudinal groove
Schnellspannbohrfutter;Quick-release drill chuck
Fertigschneider;Finishing cutter
Vorschneider;Pre-cutter
Innengewinde;Internal thread
Mittelschneider;Center cutter
Ring;Ring
Gewindebohrer;Tap
Außengewinde;External thread
Gewinde;Thread
Gewindeschneidkopf;Thread cutting head
Gewindeschneidzeug;Thread cutting tool
Handkluppe;Hand tap
Kluppe;Tong
Ratschenhebel;Ratchet lever
Schneideisen;Tapping die
Gewindeschneider;Thread cutter
Schneidkopf;Cutting head
Ratsche;Ratchet
Gewindeschneidemaschine;Thread cutting machine
Gewindeschneidemaschine, handgeführt;Hand-held threading machine
Schnellwechsel-Schneidkopf;Quick-change cutting head
Flex;Flex
Trennschleifscheibe;Cutting disc
Farbcodierung der Schleifscheibe;Color coding of the grinding wheel
trennschleifen;Cutting
Umfangsgeschwindigkeit;Peripheral speed
Winkelschleifer;Angle grinder
abschälen;chipping
anfasen;Chamfering
Entgrater mit elektrischem Antrieb;Electric deburring tool
Handentgrater;Hand deburrer
Schälwerkzeug;Peeling tool
Innenrohrentgrater;Inner tube deburrer
Trenn- und Anfasgerät;Cutting and chamfering tool
Universalentgrater;Universal deburrer
entgraten;Deburring
Blech;Sheet metal
ausklinken;Notching
Ideale Schere;Ideal shears
Schere;Shears
beschneiden;Trimming
einschneiden;Cut
kreisschneiden;Circular cutting
lochschneiden;Punch
Gerade Schere;Straight shears
Handblechschere, elektrisch;Electric hand-held sheet metal shears
Lochschere;Hole shears
Handhebelschere;Hand-operated shears
Niederhalter;Hold-down device
Hebeltafelschere;Lever-type panel shears
Rollenblechschere;Roll-type sheet metal shears
Abschneiden;Cutting
Hohlschliff;Hollow grinding
Stauchen;Upsetting
Schneiden;Cutting
Schneidvorgang;Cutting process
Trennen;Cutting
Akku-Rohrschneider;Cordless pipe cutter
Rohr abschneiden;Cutting pipe
Rohrabschneider;Pipe cutter
Rundmesser;Circular blade
Schneidrad;Cutting wheel
Rohrschere;Pipe shears
Schneidkette;Cutting chain
Schneidring für Steinzeugrohre;Cutting ring for vitrified clay pipes
Biegefeder;Bending spring
Handrohrbiegegerät;Hand-held pipe bender
Zweihandbiegezange;Two-hand bending pliers
Freihandbiegen;Freehand bending
außen;external
Biegemaschine;Bending machine
Dreirollenbiegeaufsatz;Three-roll bending attachment
Rohrbiegemaschine, hydraulisch;Hydraulic pipe bender
Ratschenbiegezange;Ratchet bending pliers
Rohrbiegemaschine, elektrisch;Electric pipe bender
Biegesegment;Bending segment
Bogenlänge;Bend length
Achse, neutral;Axis, neutral
Bogenlänge, gestreckt;Bend length, stretched
gestaucht;compressed
Gegenhalter;Counterholder
gestreckt;stretched
Ausklinken;Notching
Bohrung;Bore
Fase;Chamfer
Flachstahlbiegeaufsatz;Flat steel bending attachment
Profil, gebogen;Profile, bent
Walzenbiegen;Roll bending
Biegekraft;Bending force
Blechkluppe;Sheet metal clamp
Kanten;Edges
Länge, gestreckt;Length, stretched
Holz- oder Kunststoffhammer;Wooden or plastic hammer
Quetschung;Crushing
Rissbildung;Cracking
Rückfederung;Springback
Werkstücklänge;Workpiece length
Biegebalken;Bending beam
Druckbalken;Compression beam
Biegewange;Bending side
Oberwange;Upper beam
Schwenkbiegemaschine;Swivel bending machine
Unterwange;Lower beam
Wange, beweglich;Side plate, movable
Schwenkbiegen;Swivel bending
Tisch;Table
Abkantpressen;Press brakes
Biegestempel;Bending punch
Gesenkbiegen;Die bending
Gesenkbiegepresse;Die-bending press
Oberbalken;Upper beam
Unterbalken;Lower beam
Einstecktiefe;Insertion depth
aufmuffen;Sleeve
Rundungsmaschine;Bending machine
Muffe;Sleeve
Muffenverbindung;Sleeve joint
Runden;Rounding
Rundhorn;Rounding horn
Aushalser;Flaring machine
Aushalser, elektrisch;Flared connector, electrical
Aushalsung;Flaring
Aushalswerkzeug;Flaring tool
Aufweitköpfe;Expanding heads
Aushalswerkzeug, elektrisch;Flaring tool, electric
Schälbohrer mit Anbohrspitze;Peeling drill with pilot bit
Muffenzange;Sleeve pliers
Aushalsung mit der Ratsche;Flaring with a ratchet
Aushalsung mit elektrischem Aushalswerkzeug;Flaring with an electric flaring tool
Aushalswerkzeug einführen;Insert the flaring tool
Einstecktiefe L;Insertion depth L
Zuschnittlänge;Cutting length
Mitte-Mitte-Maß;Center-to-center dimension
Wanddicke;Wall thickness
z-Maß;z-dimension
Flussmittel;Flux
Hammerlötkolben;Hammer soldering iron
Lötpaste;Solder paste
Lötzinn;Solder
Propan-Sauerstoff-Brenner;Propane-oxygen torch
Weichlot;Soft solder
Weichlöten;Soft soldering
Elektrolötkolben;Electric soldering iron
Lot, flüssig;Solder, liquid
Widerstandslötgerät, elektrisch;Electric resistance soldering unit
Lötspalt (erhitzt);Soldering gap (heated)
Lot;Solder
Acetylen kastanienbraun;Acetylene, maroon
Acetylen-Sauerstoff-Brenner;Acetylene-oxygen torch
Hartlot;Brazing
Hartlöten;Brazing
Kupferfittings;Copper fittings
Sicherungseinrichtung;Safety device
Reinigungsvlies;Cleaning pad
Widerstandslöten, elektrisch;Resistance brazing, electric
kalibrieren;Calibrate
Lötpaste auftragen;Apply solder paste
Rohr trennen;Cutting tubing
Rund- und Ringbürste;Round and ring brush
Anzünder;Igniter
Brennereinsatz;Burner insert
Brennersatz;Burner replacement
Handgriff;Handle
Schneideinsatz;Cutting insert
Schweißschirm;Welding shield
Acetylen-Gasflasche;Acetylene gas cylinder
Acetylenventil;Acetylene valve
Sauerstoff-Gasflasche;Oxygen cylinder
Gasschlauch;Gas hose
Sauerstoffventil;Oxygen valve
Schweißbrenner;Welding torch
Schweißdüse;Welding nozzle
Überwurfmutter;Union nut
Druckminderer für Acetylen;Pressure regulator for acetylene
Druckminderer für Sauerstoff;Oxygen regulator
Brenngasüberschuss;Excess fuel gas
Rechtsgewinde;Right-hand thread
Sauerstoffüberschuss;Oxygen excess
Schweißflamme;Welding flame
Linksgewinde;Left-hand thread
Bewegung, kreisförmig;Circular motion
Blech, dick;Thick sheet metal
Blech, dünn;Sheet metal, thin
Nachlinksschweißen;Back-to-left welding
Nachrechtsschweißen;Right-hand welding
Schweißstab;Welding rod
Pendelbewegung;Pendulum motion
Schweißnaht;Weld
Schweißöse;Welding eye
Brenner;Torch
abgeschälte Rohrende;Peeled pipe end
Aufschieben auf Heizmuffe;Sliding onto heating sleeve
Fügen der Rohrteile;Joining the pipe sections
Heizelement-Muffenschweißen;Heating element socket welding
Heizelement-Stumpfschweißen;Heating element butt welding
Heizmuffe;Heating sleeve
Heizstutzen;Heating nozzle
Heizdorn;Heating mandrel
Heizelement;Heating element
Schweißmaschine;Welding machine
Spiegelschweißen;Mirror welding
von Hand;by hand
fixieren;fix
einstecken;insert
Einstecktiefe einzeichnen;Mark insertion depth
Rohrende und Muffe reinigen;Clean the pipe end and socket
Heizwendelschweißen;Heated spiral welding
Materialzapfen sichtbar;Material plug visible
Schweißgerät anschließen;Connect the welding machine
Abdichten mit Klebstoff;Sealing with Adhesive
Adhäsion;Adhesion
Haftkraft, gut;Adhesive strength, good
Haftkraft, schlecht;Adhesive strength, poor
Klebstoff, hochviskos;High-viscosity adhesive
Klebstoff, niedrigviskos;Adhesive, low viscosity
Kontaktfläche, groß;Contact area, large
Kontaktfläche, klein;Contact area, small
Kohäsion;Cohesion
Klebstoff;Adhesive
Anpressen;Pressing
Flächen reinigen;Clean surfaces
Klebstoff auftragen;Apply adhesive
Klebstoffwulst entfernen;Remove excess adhesive
Loch schneiden;Cut a hole
Sattelstück;Saddle piece
Klebefläche markieren;Mark the bonding surface
Akku-Pressmaschine;Cordless crimping tool
Presshülsenverbindung;Press sleeve connection
unverpresst;Unpressed
Verpressen von Kupferrohr;Pressing copper tubing
Pressfittings;Press fittings
Presskontur;Pressing profile
Presszange;Pressing pliers
Sanitärrohr;Plumbing pipe
Solarrohr;Solar pipe
Gasrohr;Gas pipe
Akku-Aufweitwerkzeug;Cordless flaring tool
Akku-Schiebewerkzeug;Cordless sliding tool
Anwendungsbereich;Application
Aufweitwerkzeug;Expansion tool
Hülse über das Rohr schieben;Slide the sleeve over the pipe
Schiebehülse;Sliding sleeve
Schiebewerkzeug;Sliding tool
Außengewinde, kegelig;External thread, tapered
Krallring;Clamping ring
lösbar;detachable
Steckfitting;Push-fit fitting
unlösbar;non-detachable
Innengewinde, zylindrisch;Internal thread, cylindrical
O-Ring;O-ring
Signalring, Einsteckkontrolle;Signal ring, insertion control
Steckverbindung;Push-to-connect
Whitworth-Rohrgewinde;Whitworth pipe thread
Dichtring;Sealing ring
konisch dichtend;Tapered seal
Übergangsverschraubung;Adapter fitting
Verschraubung für Gewinderohr;Fitting for threaded pipe
Klemmring;Clamping ring
Klemmringverschraubung;Clamp ring fitting
Schneidring;Cutting ring
Schneidringverschraubung;Cutting ring fitting
Anschlussverschraubung;Connection fitting
Gewindeflansch;Threaded flange
Rohrkupplung;Pipe coupling
Lötflansch;Solder flange
Rohrmanschette;Pipe sleeve
Mutter;Nut
Schraube;Screw
Bit;Bit
Doppelmaulschlüssel;Adjustable wrench
Doppelringschlüssel;Double ring spanner
Ringmaulschlüssel;Ring spanner
Werkzeugkoffer für Schraubverbindungen;Tool kit for screw connections
Schraubendreher;Screwdrivers
Schraubendrehereinsatz;Screwdriver bit
Schraubenzieher;Screwdriver
Hakenschlüssel;Hook wrench
Kardangelenk;Universal joint
Knarre;Ratchet
Quergriff mit Gleitstück;Cross-handle with sliding piece
Rollgabelschlüssel;Adjustable wrench
Steckgriff mit Vierkant;Socket handle with square drive
Steckschlüssel;Socket wrench
Verlängerung;Extension
Akku-Bohrschrauber;Cordless drill/driver
Drehmomentschlüssel;Torque wrench
Unterlegscheibe;Washer
Schraubenkopf;Screw head
Flankenwinkel;Flank angle
ISO-Gewinde, metrisch;ISO thread, metric
Nenndurchmesser;Nominal diameter
Schraubenverbindung;Screw connection
Sechskantschraube;Hex head screw
Steigung;Pitch
Vierkantschraube;Square-head screw
Whitworth-Gewinde;Whitworth thread
Zylinderschraube;Cylinder head screw
Schlitz;Slotted
Kreuzschlitz;Phillips
Linsensenkschraube;Pan-head screw
Torq-Set-Schraubenkopf;Torq-Set screw head
Inbusschraube;Allen screw
Phillips PH;Phillips PH
Pozidriv PZ;Pozidriv PZ
Senkschraube;Countersunk screw
Torx;Torx
Tri-wings-Schraubenkopf;Tri-wing screw head
Zylinderschraube mit Innensechskant;Hex socket head cap screw
Blechschraube;Self-tapping screw
Bohrschraube;Self-tapping screw
Dehnschraube;Expansion screw
Gewindestift;Threaded pin
Hammerkopfschraube;Hammer head screw
Hammerschraube;Hammer screw
Passschraube;Set screw
Holzschraube;Wood screw
Spanplattenschraube;Particleboard screw
Spax-Schraube;Spax screw
Stiftschraube;Stud screw
Stockschraube;Hanger bolt
Festigkeitsklasse;Strength class
Hutmutter;Cap nut
Kerbe;Notch
Kronenmutter;Crown nut
Nutmutter;Grooved nut
Pfeil;Arrow
Sechskantmutter;Hex nut
Zweilochmutter;Two-hole nut
Drahtsicherung;Wire lock
Klebstoffsicherung;Adhesive lock
Mutter mit Klemmteil;Nut with clamping piece
Palmutter;Palm nut
Sicherungsblech;Retaining plate
Sperrzahnschraube;Locking screw
Kontermutter;Lock nut
Sicherungsblech mit Innennase;Lock plate with internal tab
Sicherungsmutter;Lock nut
Fächerscheibe;Fan-shaped washer
Federring;Spring washer
Federscheibe;Spring washer
Mutter mit Kunststoffeinsatz, selbstsichernd;Nut with plastic insert, self-locking
Kronenmutter mit Splint;Crown nut with split pin
Sicherungsscheibenpaar;Pair of lock washers
Spannscheibe;Clamping washer
Splint;Circlip
Zahnscheibe;Toothed washer
Flachmeißel mit Handschutz;Flat chisel with hand guard
Eck-Rohrzange;Corner pipe wrench
Fäustel;Mallet
Holzhammer;Wooden mallet
Rohrzange;Pipe wrench
Schlosserhammer;Locksmith's hammer
Schlosserhammer mit Schutzhülse;Locksmith's hammer with protective sleeve
Spitzmeißel;Pointed chisel
Wasserpumpenzange;Water pump pliers
Kombizange;Combination pliers
Gipsplatte;Gypsum board
Gipsplatte für Feuchträume;Drywall for wet areas
Gipsplatte, faserverstärkt;Fiber-reinforced gypsum board
Kalksandstein;Calcium silicate brick
Lochziegel;Perforated brick
Normalbetonstein;Standard concrete block
Porenbetonstein;Aerated concrete block
Spanplatte;Particleboard
Vollziegel;Solid brick
Aufhängung;Mounting
Dübel für Gipsplatten;Anchors for drywall
Metalldübel für Gipskarton;Metal anchors for drywall
Metalldübel;Metal anchors
Nageldübel;Nail anchors
Rohrbefestigung als Unterstützung;Pipe fastening as support
Spreizdübel;Expansion anchors
Universaldübel;Universal anchors
Wandbefestigung;Wall fastening
Deckennagel;Ceiling nails
Federklappdübel;Spring-loaded anchor
Gasbetondübel;Aerated concrete anchor
Hohlraumdübel;Cavity wall anchors
Metall-Gasbetondübel;Metal aerated concrete anchor
Kippdübel;Tilting anchor
Messingdübel;Brass anchors
Metall-Hohlraumdübel;Metal cavity wall anchors
Porenbetondübel;Aerated concrete anchors
Spreizkeil;Expansion wedge
Stift;Pin
Ankerbolzen;Anchor bolt
Einschlaganker;Hammer-in anchor
Gewindestange;Threaded rod
Glaspatrone mit Verbundmörtel;Glass cartridge with composite mortar
Schwerlastanker;Heavy-duty anchor
Zykonanker;Zykon anchor
Injektionsanker;Injection anchor
Injektionsmörtel;Injection mortar
Reaktionsanker;Reaction anchor
Siebhülse;Screen sleeve
Verbundanker;Composite anchor
Bohrtiefe;Drilling depth
Formschluss;Form fit
Kraftschluss;Friction fit
Stoffschluss;Friction fit
Nutzlänge;Effective length
Verankerungstiefe;Anchoring depth
Abstandsmontage;Spaced installation
Durchsteckmontage;Through-hole mounting
Rohrschelle, einteilig;Pipe clamp, one-piece
Schalldämmeinlage;Sound insulation insert
Vorsteckmontage;Pre-insertion installation
Schnellverschluss;Quick-release fastener
Spannschraube;Tension screw
Kunststoffschelle;Plastic clamp
Massivrohrschelle;Solid pipe clamp
Rohrschelle mit Mehrfach-Gewindeanschluss;Pipe clamp with multi-threaded connection
Rohrschelle, zweiteilig;Two-piece pipe clamp
Schelle für Kunststoffrohre mit Distanzhalter;Clamp for plastic pipes with spacer
Rohrschelle mit Druckverschluss;Pipe clamp with snap-on closure
Aufhängung mit Lochband;Suspension with perforated strip
Auslegerkonsole;Bracket
Einschlagnagel;Drive-in nail
Fußbodenbefestigung mit Lochband;Floor mounting with perforated strip
Setzeisen;Shim
Winkelkonsole;Angle bracket
Montageschiene;Mounting rail
lehren;Gauges
Lehren;Gauges
messen;measure
Gliedermaßstab;Folding ruler
Rollbandmaß;Tape measure
Stahllineal;Steel ruler
Stahlmaßstab;Steel ruler
Ultraschall-Entfernungsmessung;Ultrasonic distance measurement
Zollstock;Folding ruler
Feststelleinrichtung;Locking mechanism
Messfläche;Measuring surface
Messschieber;Caliper
Nonius;Vernier
Schieber;Slider
Ableseübung, Nonius;Reading exercise, vernier
Ablesewert;Reading
Außenmessung mit dem Messschieber;External measurement with the vernier caliper
Innenmessung mit dem Messschieber;Internal measurement with a vernier caliper
Messschieber, Tiefenmessung;Caliper, depth measurement
Messschieber mit Digitalanzeige;Vernier caliper with digital display
Messschieber mit Rundskala und Zeiger;Vernier caliper with circular scale and pointer
Kippfehler;Tilt error
Maßbezugstemperatur;Reference temperature
Messkraft;Measuring force
Messschiebertemperatur: 20℃;Caliper temperature: 20°C
Parallaxe;Parallax
Werkstücktemperatur;Workpiece temperature
Innentaster;Internal probe
Winkelmesser mit digitaler Anzeige;Protractor with digital display
Set Taster;Probe set
Winkelmesser, einfach;Angle gauge, simple
Anschlagwinkel;Stop angle
Kalibrierdorn;Calibration mandrel
Kalibrierring;Calibration ring
Flachwinkel;Flat angle
Schenkel;Leg
Winkellehre 90°;90° angle gauge
Gefällewasserwaage;Slope level
Schlauchwasserwaage;Hose level
Laser;Laser
Libelle;Spirit level
Wasserwaage;Spirit level
Temperaturmessgerät;Thermometer
Luftdruckmessgerät;Air pressure gauge
Manometer;Pressure gauge
Thermometer;Thermometer
Dichte;Density
Elastizität;Elasticity
Giftigkeit;Toxicity
Belastung;Load
vor Belastung;Before loading
Werkstoff Stahl;Material: Steel
Plastizität;Plasticity
Wärmeausdehnung;Thermal expansion
Gießbarkeit;Castability
Härte;Hardness
Korrosionsbeständigkeit;Corrosion resistance
Umformbarkeit;Formability
Wärmeleitfähigkeit;Thermal conductivity
Zerspanbarkeit;Machinability
Zugfestigkeit;Tensile strength
fest;solid
flüssig;liquid
gasförmig;gaseous
Bindungskräfte, gering;Bonding forces, low
Bindungskräfte, groß;Bonding forces, high
Molekülgitter;Molecular lattice
Metall;Metal
Molekülbewegung, frei;Molecular motion, free
Wasser;Water
Abscherung;Shear
Druck;Compression
Biegung;Bending
Knickung;Buckling
Schub;Shear
Torsion;Torsion
Verdrehung;Twisting
Zug;Tension
Baustahl, allgemein;Reinforcing steel, general
Betonstahlmatte;Reinforcing steel mesh
Einsatzstahl;Case-hardened steel
Herstellungsmerkmal;Manufacturing characteristic
Kohlenstoffgehalt;Carbon content
Legierungsbestandteil;Alloying element
Nachbehandlung;Post-treatment
Zahnrad;Gear
Automatenstahl;Free-cutting steel
Federstahl;Spring steel
Vergütungsstahl;Quenched and tempered steel
Kurbelwelle;Crankshaft
Nitrierstahl;Nitriding steel
Nockenwelle;Camshaft
Schraubenfeder;Coil spring
Welle;Shaft
Hammerkopf;Hammer head
Kaltarbeitsstahl;Cold-work steel
Fräser;Milling cutter
HSS;HSS
Werkzeugstahl, hochlegiert;High-alloy tool steel
Werkzeugstahl, unlegiert;Tool steel, unalloyed
Metallsägeblatt;Metal saw blade
Nirosta;Stainless steel
Schnellarbeitsstahl;High-speed steel
Stahl, hochlegiert nichtrostend;High-alloy stainless steel
Trinkwasserrohr;Drinking water pipe
Warmarbeitsstahl;Hot-work steel
Werkzeugstahl, niedriglegiert;Tool steel, low-alloy
Antriebsnabe;Drive hub
Fitting;Fitting
Gewindepassstück;Threaded adapter
Grauguss;Grey cast iron
Gussrohr;Cast pipe
Gusseisen mit Lamellengrafit;Ductile iron
Lamellengrafit;Lamellar graphite
Mahlkegel;Grinding cone
Stahlguss;Cast steel
Temperguss;Ductile iron
Turbinenrad;Turbine wheel
Pumpengehäuse;Pump housing
Aluminiumknetlegierung;Wrought aluminum alloy
Aluminiumrohr;Aluminum tube
Gusseisen mit Kugelgrafit;Ductile iron
Kugelgrafit;Spheroidal graphite
Kugelgrafitguss;Spheroidal graphite cast iron
Aluminiumprofil;Aluminum profile
Aluminium;Aluminum
Ölpumpe;Oil pump
Aluminiumbeschichtung;Aluminum coating
Aluminium-Magnesium-Gusslegierung;Aluminum-magnesium casting alloy
Aluminium-Silizium-Gusslegierung;Aluminum-silicon casting alloy
Gehäuse;Housing
Kraftfahrzeugfelge;Automotive wheel
Kraftfahrzeugmotorblock;Automotive engine block
Magnesium;Magnesium
Magnesiumgusslegierung;Magnesium casting alloy
Opferanode im Warmwasserspeicher;Sacrificial anode in a hot water tank
Aluminiumoxid;Aluminum oxide
Flugzeugteil;Aircraft part
HSS-Stahlbohrer;HSS steel drill bit
Regenfallrohr;Rainwater downspout
Titan;Titanium
Titanbeschichtung;Titanium coating
Titanlegierung;Titanium alloy
Titannitrid;Titanium nitride
Titanzink;Titanium-zinc
innen verzinnt;tinned on the inside
Zinnlot;Tin solder
Kupferpassstück;Copper fitting
Weißblech;Tinplate
Zinn;Tin
Zinnüberzug;Tin coating
Kupferblech;Copper sheet
Armaturengehäuse;Fitting housing
Bronze;Bronze
Kupfer-Gusslegierung;Cast copper alloy
Kupfer-Knetlegierung;Wrought copper alloy
Kupfer-Zinnlegierung;Copper-tin alloy
Gleitlagerbuchse;Sleeve bearing
Kupfer-Zinklegierung;Copper-zinc alloy
Kupfer-Zinn-Zink-Legierung;Copper-tin-zinc alloy
Rotguss;Red brass
Zinkbad;Zinc bath
Zink;Zinc
Messing;Brass
Stahl,verzinkt;Galvanized steel
Schrägsitzventil;Angle seat valve
Blei;Lead
Bleilegierung;Lead alloy
Chrom;Chrome
Auslaufarmatur;Discharge fitting
Transportbehälter;Transport container
Titanzinkblech;Titanium-zinc sheet
PVC-U;PVC-U
PVC-U-Rohr;PVC-U pipe
warm umformbar;Hot-formable
Molekülfaden, unvernetzt;Molecular filament, uncrosslinked
Polyvinylchlorid, weichmacherfrei;Polyvinyl chloride, plasticizer-free
Thermoplast;Thermoplastic
Dichtung;Seal
Polyvinylchlorid, nachchloriert;Polyvinyl chloride, post-chlorinated
Polyvinylchlorid, weichmacherhaltig;Polyvinyl chloride, plasticizer-containing
PVC-C;PVC-C
PVC-P;PVC-P
PE-LD;PE-LD
PE-LD-Schutzband für Gasleitungen;PE-LD protective tape for gas lines
Polyethylen niederer Dichte;Low-density polyethylene
PVC-C-Rohr;PVC-C pipe
PE-UHMW;PE-UHMW
Laufrad einer Umwälzpumpe;Impeller of a circulation pump
PE-HD;PE-HD
PE-HD-Abflussrohr;PE-HD drain pipe
PE-X;PE-X
PE-Xa-Fußbodenheizungsrohr;PE-Xa underfloor heating pipe
Polyethylen hoher Dichte;High-density polyethylene
Polyethylen, ultrahochmolekular;Ultra-high molecular weight polyethylene
Polyethylen, vernetzt;Cross-linked polyethylene
Schutzrohr;Protective pipe
ABS;ABS
ABS-Abwasserrohr;ABS sewer pipe
Acrylnitril-Butadien-Styrol;Acrylonitrile butadiene styrene
PP;PP
PB;PB
PB-Heizungsrohr;PB heating pipe
Polybuten;Polybutene
Polypropylen;Polypropylene
PP-Abwasserrohr;PP sewer pipe
Acryl-Badewanne;Acrylic bathtub
Duroplast;Thermoset
Duromer;Duromer
Vernetzungsstelle;Cross-linking site
Molekülfaden, vernetzt;Cross-linked molecular chain
PMMA;PMMA
Polymethylmethacrylat;Polymethyl methacrylate
umformbar;formable
Harnstoff-Formaldehydharz;Urea-formaldehyde resin
MF;MF
PF/ Bakelit;PF/Bakelite
Leiterplatte;printed circuit board
Melamin-Formaldehydharz;Melamine-formaldehyde resin
Phenol-Formaldehydharz;Phenol-formaldehyde resin
Toilettensitz;Toilet seat
UF;UF
Steckdose;Electrical outlet
Elastomer;Elastomer
Elast;Elast
gummielastisch;rubber-elastic
PUR;PUR
PUR-Wärmedämmstoff;PUR thermal insulation material
umformbar, nicht warm;moldable, not heat-resistant
Molekülfaden, teilvernetzt;Molecular chain, partially cross-linked
Polyurethan;polyurethane
Acrylnitril-Butadien-Kautschuk;Acrylonitrile-butadiene rubber
Acrylnitril-Butadien-Kautschuk, hydriert;Acrylonitrile-butadiene rubber, hydrogenated
HNBR-O-Dichtring;HNBR O-ring
Elastomer-Dichtring;Elastomer O-ring
HNBR;HNBR
NBR;NBR
NBR-O-Dichtring;NBR O-ring
Pressfitting für Gasleitungen;Press fitting for gas lines
Abwassermuffe;Sewage socket
Email;Enamel
Ethylen-Propylen-Dien-Kautschuk;Ethylene-propylene-diene rubber
Keramikbidet;Ceramic bidet
EPDM;EPDM
EPDM-Schalldämmeinlage;EPDM sound insulation insert
STZ;STZ
Sanitärkeramik;Sanitary ceramics
Steinzeug, glasiert;Glazed stoneware
Ausgussbecken;Sink
Borosilikatglas;Borosilicate glass
Fensterglas;Window glass
Holz;Wood
Holzstiel;Wooden handle
Kristallglas;Crystal glass
Verbundglas;Laminated glass
Druckluftschlauch;Compressed air hose
Kunststoff, glasfaserverstärkt;Plastic, glass fiber reinforced
Kunststoff, metallverstärkt;Plastic, metal-reinforced
GFK;FRP
Öllagerbehälter;Oil storage tank
Öltank;Oil tank
Formteil;Molded part
Gleitlager;Plain bearing
Hartmetallschneide, gesintert;Sintered carbide cutting insert
Hartmetallschneidplättchen, aufgelötet;Carbide cutting insert, brazed
Trägerwerkstoff, elastisch;Elastic substrate material
Schneidstoff;Cutting material
Sinterteil;Sintered part
Hartmetall-Wendeschneidplatte;Carbide indexable insert
Keramikschneidplatte;Ceramic cutting insert
Metallverbundrohr;Metal composite tube
Schmiermittel;Lubricant
Sinterbronze-Gleitlager;Sintered bronze plain bearing
Sintermetall;Sintered metal
Kleber;Adhesive
Kleber, mikroverkapselt;Adhesive, microencapsulated
Ölspray;Oil spray
Schmierfett;Grease
Schmieröl;Lubricating oil
Schraubensicherungskleber;Screw-locking adhesive
Sprühfett;Spray grease
IPB-Profil;IPB profile
IPE-Profil;IPE section
I-Träger, mittelbreit;I-beam, medium width
I-Profil;I-beam
I-Träger, breit;I-beam, wide
I-Träger, schmal;I-beam, narrow
L-Profil, gleichschenkelig rundkantig;L-profile, isosceles, rounded edges
Winkelstahl;Angle steel
L-Profil;L-profile
Profil;Profile
T-Profil, gleichschenkelig rundkantig;T-profile, equal-leg, rounded edges
T-Profil, gleichschenkelig scharfkantig;T-profile, equal-leg, sharp-edged
L-Profil, gleichschenkelig scharfkantig;L-profile, equal-leg, sharp-edged
L-Profil, ungleichschenkelig rundkantig;L-profile, unequal-sided, rounded edges
T-Profil;T-profile
Hohlprofil;Hollow profile
Hohlprofil, quadratisch;Hollow profile, square
Hohlprofil, rechteckig;Hollow profile, rectangular
U-Profil, rundkantig;U-profile, rounded edges
Z-Profil, rundkantig;Z-profile, rounded edges
Rundhohlprofil;Round hollow profile
U-Profil;U-profile
Z-Profil;Z-profile
Flachstab;Flat bar
Flachstahl;Flat steel
Rundstab;Round bar
Sechskantstab;Hexagonal bar
Vierkantstab;Square bar
Kupferrohr, innen verzinnt;Tin-plated copper tubing
Kupferrohr mit PVC-Stegmantel;Copper tubing with PVC insulation
Kupferrohr, wärmegedämmt;Copper tubing, thermally insulated
Rohr;Tube
Gewinderohr;Threaded pipe
Kunststoffummantelung;Plastic coating
kunststoffummantelte Präzisionsstahlrohr;Plastic-coated precision steel pipe
Präzisionsstahlrohr;Precision steel tubing
Stahlrohr;Steel tube
Stahlrohr, nichtrostend;Stainless steel tube
Blechrohr;Sheet metal tube
Gusseisenrohr;Cast iron pipe
Innenbeschichtung, gelb;Internal coating, yellow
LORO-X-Rohr, nichtrostend;LORO-X pipe, stainless
LORO-X-Rohr, verzinkt;LORO-X pipe, galvanized
SML-Rohr;SML pipe
S-Rohr;S-pipe
Aluminium-Trägerrohr;Aluminum support tube
Aluminiumverbundrohr;Aluminum composite pipe
Kupferverbundrohr;Copper composite pipe
Kupfer-Blechrohr, kastenförmig;Copper sheet pipe, box-shaped
Titanzink-Blechrohr, rund;Titanium-zinc sheet metal pipe, round
PE-HD-Schutzschicht;PE-HD protective layer
PE-X-Innenrohr;PE-X inner pipe
Kunststoffrohr;Plastic pipe
Rohr-im-Rohr-System;Pipe-in-pipe system
PB-Rohr;PB pipe
PE-Rohr;PE pipe
PVC-Rohr;PVC pipe
Glasrohr;Glass pipe
KG-Rohr;KG pipe
PP-Rohr, mineralverstärkt;PP pipe, mineral-reinforced
PP-Rohr (HT), hoch temperaturbeständig;PP pipe (HT), high-temperature resistant
Steinzeugrohr;Stoneware pipe
Aluminiumblech;Aluminum sheet
Feinblech;Thin sheet metal
Stahlblech, verzinkt;Galvanized steel sheet
Lochblech;Perforated sheet
Blech, strukturiert;Textured sheet metal
Riffelblech;Checker plate
Stahlband;Steel strip
Draht;Wire
Drahtseil;Wire rope
Litze;Strand
Litzeneinlage;Strand insert
Seil;Rope
Seileinlage;Rope insert
Stahldraht;Steel wire
Kontaktstelle;Contact point
Spannungsreihe, elektrochemisch;Voltage series, electrochemical
zunehmend edel;increasingly noble
zunehmend unedel;increasingly base
Stahlrohr,korrodiert;Steel pipe, corroded
Stahlschelle,verzinkt;Steel clamp, galvanized
edel;noble
unedel;non-noble
Zink-lon;Zinc-lon
Elektron;Electron
Anode;Anode
Element,galvanisch;Element, galvanic
Eisenoxid;Iron oxide
Luftsauerstoff;Atmospheric oxygen
Oberflächenkorrosion;Surface corrosion
Rost;Rust
Wärmezufuhr;Heat input
Werkstoff mit Oxidschicht;Material with an oxide layer
Werkstoff ohne Oxidschicht;Material without an oxide layer
Fläche;Surface
Korrosionsschaden;Corrosion damage
Kupferoxid;Copper oxide
Kupferpatina;Copper patina
Loch;Hole
Mulde;Depression
Elektrokorund;Electrocorundum
Riss;Crack
Zinkoxid;Zinc oxide
Zinkpatina;Zinc patina
Schutzschicht;Protective layer
durchlässig;Permeable
Abtrag, gleichmäßig;Abrasion, uniform
Eisen-lon;Iron ions
Flächenkorrosion, gleichmäßig;Surface corrosion, uniform
Muldenkorrosion, ungleichmäßig;Pitting corrosion, uneven
Schicht, porös;Layer, porous
Werkstoffgefüge;Material structure
Oxidschicht;Oxide layer
Al-Niet;Al rivet
Berührungskorrosion;Contact corrosion
Cu-Blech;Copper sheet
CuZn-Gefüge;CuZn structure
Entzinkung;Dezincification
Kontaktkorrosion;Contact corrosion
Cu-Gefüge, porös;Cu structure, porous
Korrosionsangriff, erhöht;Increased corrosion attack
Spalt- und Belüftungskorrosion;Crevice and aeration corrosion
Oxid;Oxide
Erosionskorrosion;Erosion corrosion
Korrosionsloch;Corrosion pit
Lochfraß;Pitting
entgratet;Deburred
Korrosionsmulde;Corrosion pit
Korrosionsverlauf;Corrosion progression
Lochkorrosion;Pitting corrosion
Spannungs- und Schwingungsrisskorrosion;Stress and vibration-induced corrosion
Spannungsriss im Kupferrohr;Stress crack in a copper pipe
Kunststoff- oder Gummieinlage;Plastic or rubber insert
Leitungsverlegung, fachgerecht;Proper pipe installation
Gasleitung über Trinkwasserleitung;Gas line above drinking water line
Rohrbefestigung, fachgerecht;Proper pipe fastening
Trinkwasserleitung unter Gasleitung;Drinking water line below gas line
Kunststoffhülse;Plastic sleeve
Kunststoffscheibe;Plastic washer
Stahl-Brunnenrohr;Steel well pipe
Opferanode;Sacrificial anode
Aluminium, eloxiert;Aluminum, anodized
Aluminiumpaste;Aluminum paste
Einölen;Oiling
Korrosionsschutzöl;Corrosion protection oil
Kupferpaste;Copper paste
Einfetten;Greasing
Oberflächenbehandlung, chemisch;Surface treatment, chemical
Farbanstrich;Paint coating
Korrosionsschutzanstrich;Anti-corrosion coating
Kunststoffauskleidung;Plastic lining
Kunststoffüberzug;Plastic coating
Metallschutzlack;Metal protective coating
Drehmeißel;Turning tool
Crimpzange;Crimping pliers
Kabelmesser;Cable knife
Lötkolben;Soldering iron
Presswerkzeug;Crimping tool
PUK-Säge;PUK saw
Taschensäge;Pocket saw
Abisolierzange;Wire stripper
Kabelschere;Wire cutters
Kraft-Seitenschneider;Heavy-duty side cutters
Spitzzange;Needle-nose pliers
Schraubendreher mit Isolierung;Insulated screwdriver
Seitenschneider;Side cutters
Phasenprüfer;Phase tester
Atom;Atom
Atomhülle;Atomic shell
Atomkern;Atomic nucleus
lon;ion
Neutron;Neutron
lon, 1-fach positiv geladen;ion, with a single positive charge
lon, 2-fach negativ geladen;ion, negatively charged (2x)
Proton;Proton
Licht;Light
Magnetschwebebahn;Maglev
Wirkung, optisch;Effect, optical
Wärme;Heat
Wirkung, magnetisch;Effect, magnetic
Wirkung, thermisch;Effect, thermal
Elektrolyse;Electrolysis
Elektrolyt-Membran;Electrolyte membrane
Katode 168,;Cathode 168,
Wasserstoff;Hydrogen
Wirkung, chemisch;Effect, chemical
Gleichstrom;Direct current
Elektronenmangel;Electron deficiency
Elektronenüberschuss;Excess of electrons
Gleichspannung;Direct voltage
Warnung vor elektrischer Spannung;Warning of electrical voltage
Wechselspannung;AC voltage
Wirkung, physiologisch;Effect, physiological
Zeit t in Sekunden;Time t in seconds
Spannung U;Voltage U
Betriebsmittel, elektrisch;Electrical equipment
Elektronenfluss;Electron flow
Hinleiter;Anterior branch
Ladungsausgleich;Charge balancing
Stromrichtung, technisch;Current direction, technical
Stromstärke, elektrisch;Current, electrical
Rückleiter;Return conductor
Strom;Current
Stromfluss;Current flow
Spannungsquelle;Voltage source
Amplitude;Amplitude
Drehstrom;Three-phase current
Dreiphasen-Wechselstrom;Three-phase alternating current
Periode;Period
Verlauf, sinusförmig;Waveform, sinusoidal
Wechselstrom;Alternating current
Stromstärke |;Current |
Phase;Phase
Fremdatom;External clock
Leiterlänge;Conductor length
Leiterquerschnitt;Conductor cross-sectional area
Ohmsche Gesetz;Ohm's Law
Elektron, frei beweglich;Electron, freely moving
Metall-lon;Metal ion
U-R-I-Dreieck;U-R-I triangle
Widerstand, elektrisch;Electrical resistance
Widerstandskennlinie;Resistance characteristic curve
Teilspannung U;Partial voltage U
Gesamtspannung U;Total voltage U
Gesamtstromstärke |;Total current |
Reihenschaltung;Series connection
Teilstromstärke |;Partial current |
Parallelschaltung;Parallel connection
abgewickelt;unwound
aufgewickelt;wound
Leistung, elektrisch;Electrical power
Kabeltrommel;Cable drum
Typenschild einer Handbohrmaschine;Nameplate of a hand drill
Typenschild einer Kabeltrommel;Nameplate of a cable reel
Watt (W), Einheit;Watt (W), unit
Arbeit, elektrisch;Work, electrical
Kilowattstunde (kWh), Einheit;Kilowatt-hour (kWh), unit
Stromzähler;Electricity meter
Flachstecker;Flat plug
Schuko-Stecker;Schuko plug
Schutzklasse;Protection class
Schutzkontakt;Protective contact
Schuko-Steckdosenleiste;Schuko power strip
Steckdose für Flachstecker;Outlet for flat plugs
Stecker;Plug
CEE-Steckdose;CEE socket
Dreiphasen-Wechselspannung;Three-phase AC voltage
3-polig;3-pole
Einphasen-Wechselspannung;Single-phase AC voltage
CEE-Stecker, 5-polig;CEE plug, 5-pin
Netz, 230 V;Mains, 230 V
Netz, 400 V;Mains, 400 V
Schuko-Steckdose;Schuko outlet
Starkstrom;High-voltage current
3-adrig;3-wire
5-adrig;5-wire
Isolierhülle;Insulation
Kabel, isoliert;Insulated cable
Kupferlitze;Copper stranded wire
Mantelleitung;Sheathed cable
Neutralleiter;Neutral conductor
Nullleiter;Neutral conductor
Leiter, stromführend;Conductor, live
Leitung, elektrisch;Electrical cable
Akku;Rechargeable battery
Akku-Bohrmaschine;Cordless drill
Akkumulator;Rechargeable battery
Batterie;Battery
Elektronenfluss;Electron flow
Natrium;Sodium
Dynamo;Dynamo
Eisenkern;Iron core
Generator, mobil;Generator, portable
Generatorprinzip;Generator principle
Magnet;Magnet
Primärspule;Primary coil
Transformatorprinzip;Transformer principle
Schweißtransformator;Welding transformer
Sekundärspule;Secondary coil
Solarzelle;Solar cell
Spule;Coil
Drehschalter;Rotary switch
Fehlerstromschutzschalter;Ground fault circuit interrupter
Kippschalter;Toggle switch
Motorschutzschalter;Motor protection switch
Not-Aus-Schalter;Emergency stop switch
Wippschalter;Rocker switch
FI-Schutzschalter;Residual current circuit breaker
Schutzschalter,FI;Circuit breaker, RCD
Hausabnehmeranlage;Household power distribution system
Feinsicherung;Micro fuse
Sicherungsautomat;Circuit breaker
Schutzrelais;Protective relay
Sicherungskasten;Fuse box
Unterverteiler;Subdistribution panel
Sicherung;Fuse
Leitungsschutzschalter;Circuit breaker
Netzanschluss;Mains connection
Prüftaste;Test button
RCD-Fehlerstromschutzeinrichtung;RCD (residual current device)
Schmelzsicherung;Fuse
Verbraucheranschluss;Load connection
Dipol;Dipole
Spannungsprüfer, einpolig;Voltage tester, single-pole
Spannungsprüfer, zweipolig;Voltage tester, two-pole
Zangenstrommessgerät;Clamp-on current meter
Strommesszange;Clamp-on current meter
Vielfachmessgerät, analog;Analog multimeter
Multimeter;Multimeter
digital;digital
Display;Display
Funktions- und Messbereichswählschalter;Function and range selector switch
Minuspol-Buchse;Negative terminal jack
Pluspol-Buchse;Positive terminal jack
Vielfachmessgerät;Multifunction meter
Drehstromzähler;Three-phase meter
Oszilloskop;Oscilloscope
Wechselstromzähler;AC meter
Zählscheibe;Counting disc
Zählwerk;Counter
Stromstärkemessung;Current measurement
Spannungsmessung;Voltage measurement
Strommessung;Current measurement
Stromquelle;Current source
Widerstandsmessung;Resistance measurement
Maße in cm;Dimensions in cm
Schutzzonen, außerhalb alle Verbrauchsmittel erlaubt;"Protection zones; all consumables permitted outside these zones"
Schutzbereich;Protection area
Wassererwärmer, elektrisch;Electric water heater
Oberkante Fertig-Fußboden (OKFF);Top edge of finished floor (TEFF)
Antenne;Antenna
Fernmeldeanlage;Telecommunications system
Fundament;Foundation
Heizungsrohr;Heating pipe
Potentialausgleichsleiter;Equipotential bonding conductor
Blitzschutz;Lightning protection
Haupterdungsschiene;Main grounding busbar
Überspannungsableiter;Surge arrester
Wasserrohr;Water pipe
Generator;Generator
Gleichrichter;Rectifier
Lampe;Lamp
Leiter;Conductor
Netzanschlussgerät;Power supply unit
Potenziometer;Potentiometer
Strommessgerät;Current meter
Widerstand;Resistor
Widerstand, veränderbar;Variable resistor
Abwasserkanal;Sewer
Hausanschlussleitung (HAL);Service connection (HAL)
Ringleitung;Loop line
Versorgungsleitung;Supply line
Versorgungsnetz;Supply network
Hydrant DN 100;Hydrant DN 100
Hinweisschilder;Information signs
Kugelgehäuse;Ball valve housing
Straßenkappe;Street cover
Unterflurhydrant;Underground hydrant
Vierkantschoner;Square protector
Spindel;Spindle
Anbohren;Tapping
Hauseinführung;Building entry
Ventilanbohrschelle;Valve tapping clamp
Anschlussleitung;Connection pipe
Abwasserleitung;Sewage line
Hausanschlussraum;Service connection room
Hauswasserzähler;Household water meter
Heizungsrücklauf;Heating return
Heizungsvorlauf;Heating supply
Prüföffnung;Inspection opening
Entleerung;Drain
Wasseruhr;Water meter
Wasserzählanlage;Water metering system
Trinkwasserleitung;Drinking water line
Gasleitung;Gas line
Ablesebeispiel;Reading example
Eichplombe;Seal
Flügelrad;Impeller
Flügelradzähler;Vane meter
Rollenzählwerk;Roller counter
Wohnungswasserzähler;Residential water meter
automatisch;Automatic
Drehkappe mit Druckskala;Rotating cap with pressure scale
Druckfeder;Pressure spring
Filter, nicht rückspülbar;Filter, non-backwashable
Filter, rückspülbar;Filter, backwashable
manuell;Manual
Membran;Diaphragm
Regelventil;Control valve
Einzelzuleitung;Single supply line
Sammelzuleitung;Collector line
Steigleitung;Riser
Stockwerksleitung;Floor line
Verteilungsleitung;Distribution line
Rohrleitungssystem mit Stichleitungen;Piping system with branch lines
Strangleitungssystem mit eingeschleiften Anschlüssen;Strangulation system with looped connections
dynamische Strömungsteiler;Dynamic flow dividers
Ringleitungssystem;Ring distribution system
Strömungsteiler, statisch;Flow divider, static
Venturi-Strömungsteiler (VSt);Venturi flow divider (VSt)
Freistromventil;Free-flow valve
Kugelhahn;Ball valve
Geradsitzventil;Globe valve
Kolbenschieber;Piston valve
Symbol, allgemein;Symbol, general
Auslauf, frei;Outlet, free
Kontrollöffnung;Check port
Mindestabstand;Minimum clearance
Rohrtrenner mit kontrollierbarer Mitteldruckzone;Pipe separator with controllable intermediate pressure zone
Rückflussverhinderer mit Einschubventil, kontrollierbar;Backflow preventer with slide valve, controllable
Rückflussverhinderer, kontrollierbar;Check valve, controllable
Rückflussverhinderer, nicht kontrollierbar;Backflow preventer, non-controllable
Rohrbelüfter für Schlauchanschlüsse;Pipe aerator for hose connections
Umsteller an einer Wannenarmatur;Diverter on a tub faucet
Umsteller, automatisch;Diverter, automatic
Rohrbelüfter;Pipe aerator
Dreilocharmatur;Three-hole faucet
Einlocharmatur;Single-hole faucet
Zapfventil für den Außenbereich;Outdoor tap
Standmodell;Floor-standing model
Wandmodell;Wall-mounted model
Wasserhähne;Faucets
Zweilocharmatur;Two-hole faucet
Auslaufventil;Spout valve
Einhebelmischer;Single-lever mixer
Regeleinrichtung;Control device
Auslauf, schwenkbar;Swivel spout
Sperrknopf;Lock button
Temperaturwahlgriff;Temperature selector knob
Thermostatmischbatterie;Thermostatic mixer
Zweigriffmischbatterie;Two-handle mixer
Regler;Control
Ablaufventil;Drain valve
Gestänge;Lever
Schaftablaufventil;Shank drain valve
Sieb;Strainer
Universalablaufventil;Universal drain valve
Stopfen;Plug
Überlauf;Overflow
Ausgleichsbohrung;Balance hole
Hebel;Lever
Hilfsventil;Auxiliary valve
Kolben;Piston
Kolbenfeder;Piston spring
Rohrunterbrecher;Pipe breaker
Spülmengeneinstellung;Flush volume adjustment
Spülstromeinstellung;Flush flow adjustment
Ablaufgarnitur;Drain assembly
Aufputzspülkasten;Surface-mounted cistern
Auslösetaste;Flush button
Restwasser;Residual water
Füllmenge;Filling capacity
Füllventil;Filling valve
Heberglocke;Lift bell
Unterputzspülsystem;Concealed flushing system
Zufluss;Inlet
Spülrohr;Flush pipe
Spülwasserverteilung;Flush water distribution
Obergeschoss;Upper floor
Kaltwasserleitung;Cold water line
Trinkwarmwasserleitung (PWH);Domestic hot water line (DHW)
Versorgung, zentral;Central supply
Warmwasserleitung;Hot water line
Trinkkaltwasserleitung (PWC);Drinking cold water line (PWC)
Speicher-Trinkwassererwärmer;Storage-type drinking water heater
Keller;Basement
Erdgeschoss;Ground floor
Stock,erster;First floor
Einzelversorgung;Individual supply
Gruppenversorgung;Group supply
Durchflusserwärmer;Instantaneous water heater
Untertischspeicher;Under-counter storage
Wandspeicher;Wall-mounted storage
Speicher;Storage
Boiler;Boiler
Dampfrohr;Steam pipe
entleeren;Drain
Füll- und Ablaufarmatur;Fill and drain valve
füllen;Fill
Kaltwasser;Cold water
Kochendwassergerät;Boiling water dispenser
Glasgehäuse mit Füllmengenanzeige;Glass housing with fill level indicator
Rohrheizkörper, liegend;Flat tubular heating element
Übertemperatursicherung;Over-temperature protection
Temperaturwahlschalter;Temperature selector switch
kalt;Cold
Kleinspeicher;Small storage heater
Rohrheizkörper;Tubular heating element
Schutzanode;Sacrificial anode
Untertisch-Kleinspeicher;Under-counter small storage tank
warm;Hot
Zapfventil;Dispensing valve
Temperaturfühler;Temperature sensor
Temperaturwähler;Temperature selector
Temperierventil;Temperature control valve
Übertisch-Kleinspeicher;Countertop mini-storage tank
Geruchverschluss;Odor trap
PWC-Anschluss zum Speicher;PWC connection to the storage tank
PWH-Anschluss vom Speicher;PWH connection from the storage tank
Sicherheitstechnische Ausrüstung;Safety equipment
Sicherheitsventil;Safety valve
Siphon;Siphon
Durchfluss-TWE, elektrisch;Flow-through TWE, electric
Durchlauferhitzer;Instantaneous water heater
Gas-Durchlauferhitzer;Gas instantaneous water heater
Gasflamme;Gas flame
Kupferbehälter mit Heizsystem;Copper tank with heating system
Piezozünder;Piezo igniter
Durchlaufwasserheizer (DWH);Instantaneous water heater (IWH)
Netzanschlussklemme;Mains connection terminal
PWC-Zulauf;PWC inlet
PWH-Ablauf;PWH drain
Steuer-und Regeleinheit;Control and regulation unit
Gasbrenner;Gas burner
Heizwasserrücklauf;Heating water return
Heizwasservorlauf;Heating water supply
PWH-Anschluss;PWH connection
Rohrschlange;Coil
Heizkessel-Speicher-Trinkwassererwärmer, Kombination;Boiler-storage tank-drinking water heater, combination
PWC-Anschluss;PWC connection
Speicherfühler;Storage tank sensor
Trinkwassererwärmung;Drinking water heating
Heizkessel;Boiler
Sicherheitseinrichtungen;Safety devices
Nachheizung;Supplementary heating
Solaranlage;Solar system
Solarkreis Vor- und Rücklauf;Solar circuit supply and return
Solarspeicher, bivalent;Solar storage tank, bivalent
Sonnenkollektor;Solar collector
Trinkwasserzufluss;Drinking water inlet
Umwälzpumpe;Circulation pump
Ausdehnungsgefäß;Expansion tank
Handtuchhaken;Towel hook
Handwaschbecken;Hand washbasin
Seifenhalter;Soap dish
Zahnputzbecherhalter;Toothbrush holder
Spiegel;Mirror
Waschtisch;Vanity
Zubehör;Accessories
Aufhängelasche;Mounting bracket
Montage der Armatur;Installation of the fixture
Montagemaße, übliche;Standard installation dimensions
Einbauspüle;Built-in sink
Einzelspüle;Single sink
Abtropffläche;Drainboard
Doppelspüle;Double sink
Klapprost;Folding rack
Spülmodul;Sink module
Unterbauspüle;Under-mount sink
Spülbecken;Sink
Absaugeklosett;Vacuum toilet
Dusch-WC;Shower toilet
Flachspüler;Low-flow toilet
Flachspülklosett;Flat-flush toilet
Hockklosett;Squat toilet
Kaskadenklosett;Cascade toilet
Sitzklosett;Sitting toilet
Stehklo;Squat toilet
Tiefspüler;Deep-flush toilet
Tiefspülklosett;Deep-flush toilet
WC-Duscharm;Toilet shower arm
Stand-WC;Floor-mounted toilet
Wand-WC;Wall-mounted toilet
Anschlussmaße;Connection dimensions
Breite;Width
Höhe;Height
Montagewand;Mounting wall
Montagemaße;Installation dimensions
Tiefe;Depth
Vorwandinstallation;Pre-wall installation
Sperrflüssigkeit;Barrier fluid
Urin;Urine
Urinal mit Absaugformstück;Urinal with suction fitting
Urinal mit frei liegendem Geruchverschluss;Urinal with exposed trap
Urinal, wassergespült;Water-flushed urinal
Urinal, wasserlos;Waterless urinal
bodenstehend;floor-mounted
Fußbad;Foot bath
Kurzwanne;Shallow tub
sitzen;Seated
Sitzwaschbecken;Sitting washbasin
Normalwanne;Standard tub
wandhängend;Wall-mounted
Waschpositionen;Washing positions
Befestigung;Mounting
höhenverstellbar;Height-adjustable
Schalldämmung;Sound insulation
Dichtstoff, elastisch;Sealant, elastic
Fußgestell;Base frame
Großwanne;Large tub
körperschallgedämmt;Structure-borne sound insulation
Sitzwanne;Seat basin
Wannenfuß;Tub base
Wanne;Tub
Wannenanker;Tub anchors
Wannenträger aus Hartschaum;Hard foam tub support
Dusche;Shower
Duschtrennwand;Shower enclosure
Duschwanne;Shower pan
Handbrause;Handheld showerhead
Duschabtrennung;Shower enclosure
Duschbecken;Shower basin
Kopfbrause;Overhead shower
Schlauchbrause;Hose shower
Seitenbrause;Side shower
Bodenablauf;Floor drain
Brauseschlauch;Shower hose
Duschkopf;Showerhead
Duschrinne;Shower channel
Brausekopf;Shower head
Duschanlage, bodengleich gefliest;Shower system, floor-level tiled
Wandstange;Wall bar
Wasserstrahlen;Water jets
Mischwasserkanal;Drain
Regenwasserfallleitung;Rainwater downspout
Regenwasserkanal;Rainwater drain
Schmutzwasserkanal;Sewage drain
Trennsystem;Separation system
Schmutzwasserfallleitung;Sewage downspout
Mischsystem;Combined system
Lüftungsleitung;Vent pipe
Sammelleitung;Collector pipe
Grundleitung;Main line
Einzelanschlussleitung (EAL);Individual connection line (EAL)
Sammelanschlussleitung;Collector connection line
Badablauf;Bathroom drain
Bodenablauf mit Rückstauverschluss;Floor drain with backflow preventer
Pömpel;Plunger
Röhren-Geruchverschluss;Pipe trap
Rohrreinigungsschlauch;Pipe cleaning hose
Saugglocke;Suction cup
Flaschen-Geruchverschluss;Bottle trap
Kellerablauf;Basement drain
Rohrreinigungsspirale;Pipe cleaning snake
Unterputz-Geruchverschluss;Concealed trap
Gefälle;Slope
Spülung;Flush
Schwemmwirkung;Flushing effect
Sperrwasser;Water seal
Sperrwasservorlage;Standpipe
Spülvorgang;Flushing process
Wassersack;Water bag
Abgangsformstück;Outlet fitting
Anschlussformstück;Connection fitting
Leitung, senkrecht;Pipe, vertical
Nennweite;Nominal diameter
Richtungsänderung;Change of direction
Rohrdurchmesser;Pipe diameter
Leitungsabschnitt, liegend;Pipe section, horizontal
Doppelabzweig;Double branch
Fallleitung;Downpipe
Kugeldoppelabzweig;Ball double branch
Fallleitungsabzweig;Downpipe branch
Belüftungsventil;Vent valve
Grundleitung, außerhalb des Gebäudes;Main drain, outside the building
Entlüftung über Dach;Ventilation through the roof
Lüftungsendrohr;Vent pipe
Sammelleitung, im Keller;Collector pipe, in the basement
Abwasserhebeanlage;Sewage lifting station
Lüftung;Ventilation
Rückstauebene;Backflow level
Rückstauverschluss;Backflow preventer
Druckleitung mit Rückstauschleife;Pressure line with backflow loop
Kanal;Sewer
Sammelbehälter;Collection tank
Signal, optisch und akustisch;Signal, visual and audible
Dachrinne;Gutter
Giebeldach;Gable roof
Regenwasserklappe;Rainwater flap
Steckmuffe;Plug-in coupling
Regentonne;Rain barrel
Regenwasserfallrohr;Rainwater downspout
Wulst;Bead
Ablauf;Drain
Flachdach;Flat roof
Klemmflansch;Clamp flange
Einlauf;Inlet
Flachdachablauf;Flat roof drain
Kugelrost;Ball grate
Rohrbegleitheizung;Pipe trace heating
Brikett;Briquette
Hackschnitzel;Wood chips
Holzlager;Wood storage
Kohle;Coal
Lagerraum;Storage room
Pelletlagerung;Pellet storage
Holzpellet;Wood pellets
Kohlelagerraum;Coal storage room
Stückholz;Logs
Antiheberventil;Anti-siphon valve
Entlüfter;Air vent
Kombinationsarmatur;Combination fitting
Saugleitung;Suction line
Schnellschlusshahn;Quick-closing valve
Heizöl in Lagerbehältern;Heating oil in storage tanks
Heizöllagerung, oberirdisch;Heating oil storage, above ground
Heizöllagerung, unterirdisch;Heating oil storage, underground
Erdgasanschluss;Natural gas connection
Erdgastank;Natural gas tank
Flüssiggas in Gasflaschen;LPG in gas cylinders
Flüssiggasbehälter;LPG tank
Gastank;Gas tank
Gasversorgungsleitung;Gas supply line
Haupthahn;Main valve
Hauptsperreinrichtung;Main shut-off device
Hauseinführungskombination (HEK);Building entry combination (BEC)
Strömungswächter;Flow monitor
Hausdruckregler;Building pressure regulator
Dichtheit prüfen;Check for leaks
Gasspürgerät;Gas detector
Gassteckdose;Gas outlet
Gasströmungswächter;Gas flow monitor
Gaszähler;Gas meter
Mittel, schaumbildend;Foaming agent
Sicherheitsstopfen;Safety plug
Ringverschraubungssicherung;Ring nut lock
Gashahn;Gas valve
Atmosphärische Gasbrenner;Atmospheric gas burners
Brennerplatte;Burner plate
Flamme;Flame
Gasanschluss;Gas connection
Gasdüse;Gas nozzle
Hauptbrenner;Main burner
Injektor;Injector
Mischrohr;Mixing tube
Verbrennungsluft;Combustion air
Vollvormischbrenner;Fully premixed burner
Druckwächter;Pressure switch
Flammenüberwachungselektrode;Flame monitoring electrode
Gasfilter;Gas filter
Gasstraße;Gas line
Gerätedruckregler;Equipment pressure regulator
Injektorbrenner;Injector burner
Magnetventil;Solenoid valve
Gasregelstrecke;Gas control system
Steuergerät;Control unit
Flammkopf;Flame head
Gebläse;Blower
Luftansaugöffnung;Air intake opening
Gasgebläsebrenner;Gas-fired forced-draft burner
Luftdruckwächter;Air pressure monitor
Überwachungselektrode;Monitoring electrode
Gebläsemotor;Blower motor
Stauscheibe;Baffle plate
Brennerschublade;Burner drawer
Brennertopf;Burner pot
Luftzufuhr;Air supply
Ölleitung;Oil line
Öl-Auffangschale;Oil drip pan
Öldampf-Luft-Gemisch;Oil-vapor-air mixture
Öl-Heizeinsatz;Oil heating insert
Ölverdampfungsbrenner;Oil vaporization burner
Ölsaugleitung;Oil suction line
Ölzerstäubungsbrenner;Oil atomizing burner
Magnetabsperrventil;Solenoid shut-off valve
Ölrücklauf;Oil return
Zündtrafo;Ignition transformer
Flammenwächter;Flame monitor
Öldüse;Oil nozzle
Ölvorwärmung;Oil preheating
Blaubrenner;Blue burner
Blende;Diaphragm
Blendenmischsystem;Flue gas mixing system
Gelbbrenner;Yellow burner
Stauscheiben-Mischsystem;Baffle mixing system
Zündkabel;Ignition wire
Brennkammer;Combustion chamber
Füllstandsmelder;Level sensor
Pelletkessel;Pellet boiler
Primärluftstrom;Primary air flow
Saugzuggebläse;Induced draft fan
Schieberost;Sliding grate
Sekundärluftstrom;Secondary air flow
Aschelade;Ash drawer
Beschickung, automatisch;Feeding, automatic
Einbringschnecke;Feed screw
Vorratsbehälter;Storage hopper
Zündung, automatisch;Ignition, automatic
Wärmeübertrager;Heat exchanger
Atmosphärische Gaskessel;Atmospheric gas boilers
Gasbrennwertkessel, wandhängend;Wall-mounted gas condensing boilers
Strahlungsbrenner;Radiant burner
Gasregel- und Sicherheitsarmatur;Gas control and safety valves
Abgassammler;Flue gas collector
Rücklauf;Return
Vorlauf;Supply
Brennraum;Combustion chamber
Brennwertkessel;Condensing boiler
Niedertemperatur-Ölheizkessel;Low-temperature oil boiler
Ölbrenner;Oil burner
Sturzbrenner;Downward-facing burner
Heizgasrohre (senkrechte Nachschaltheizflächen);Heating gas pipes (vertical secondary heating surfaces)
Kondensationswärmeübertrager (Nachschalt- heizfläche);Condensing heat exchanger (downstream heating surface)
Wassermantel, doppelt;Double water jacket
Einrohrsystem;Single-pipe system
Tichelmannsystem;Tichelmann system
Etagenheizung;Floor heating
Rücklauf, kurz;Return, short
Rücklauf, lang;Return, long
Verteiler (VV, VR);Manifold (VV, VR)
Vorlauf, kurz;Supply, short
Wärmemengenzähler (WZ);Heat meter (WZ)
Verteilung, etagenweise;Distribution, by floor
Vorlauf, lang;Supply, long
Zweirohrsystem;Two-pipe system
Bodenbelag;Floor covering
Dämmung;Insulation
Estrich;Screed
Heizungsrohr unterhalb der Kellerdecke;Heating pipe beneath the basement ceiling
Heizungsverteilung;Heating distribution
Leitungsverlegung im Fußboden;Pipe installation in the floor
Leitungsverlegung in Sockelleisten;Cabling in baseboards
Rohbetondecke;Exposed concrete ceiling
Wärmeverteilung, waagrecht;Heat distribution, horizontal
Vorwand-Installationsschacht;Pre-wall installation shaft
Wärmeverteilungsleitung, senkrecht;Heat distribution pipe, vertical
Abstandshalter;Spacer
Distanzhülse;Spacer sleeve
Schelle;Clamp
Dämmschlauch mit Selbstklebeverschluss;Insulation sleeve with self-adhesive closure
Heizungsrohr, gedämmt;Heating pipe, insulated
Kupferrohr, gedämmt;Insulated copper pipe
Rohrbefestigung;Pipe fastener
Rohrschale zur Wärmedämmung;Pipe sleeve for thermal insulation
Absperrhahn;Shut-off valve
Absperrklappe;Butterfly valve
Absperrschieber;Gate valve
Disco-Rückschlagventil;Disco check valve
Dreiwege-Mischer mit Stellmotor;Three-way mixer with actuator
Rückschlagklappe;Check valve
Strangregulierventil;Line control valve
Pumpenkugelhahn;Pump ball valve
Schmutzfänger;Strainer
Überströmventil;Relief valve
Wärmemengenzähler;Heat meter
Luftabscheider;Air separator
Flüssigkeitsfühler;Liquid sensor
Gewindeanschluss;Threaded connection
Rändelmutter;Knurled nut
Rückstellfeder;Return spring
Thermostatkopf;Thermostat head
Ventilgehäuse;Valve body
Ventilkegel;Valve plug
Ventilsitz;Valve seat
Heizkörperanschlussverschraubung;Radiator connection fitting
Ventilspindel;Valve stem
Thermostatventil;Thermostatic valve
Hocheffizienzpumpe;High-efficiency pump
Kesselanschluss;Boiler connection
Pumpe;Pump
Pumpe im Vorlauf;Pump in the supply line
Saugbereich;Suction range
Druckbereich;Pressure side
Kesselverteiler;Boiler manifold
Vorlaufverteiler und Rücklaufsammler, kombiniert;Flow manifold and return manifold, combined
Motorgehäuse;Motor housing
Nassläuferpumpe;Wet-run pump
Pumpenwelle;Pump shaft
Rotor;Rotor
Rotorwelle;Rotor shaft
Saugring;Suction ring
Stator;Stator
Druckstutzen;Discharge port
Einbau;Installation
Laufrad;Impeller
Saugstutzen;Suction port
Gussradiator;Cast iron radiator
Handtuchtrockner;Towel warmer
Handtuch-Wärmekörper;Towel Radiator
Stahlradiator;Steel radiator
Stahlröhrenradiator;Steel tubular radiator
Zweipunktanschluss;Two-point connection
Zweirohr-Thermostatventilunterteil;Two-pipe thermostatic valve base
Dreiwege-Heizkörperventil;Three-way radiator valve
Flachheizkörper;Flat panel radiator
Plattenheizkörper;Panel radiator
Steigrohr;Riser pipe
Ventilgarnitur für Einrohrheizungen;Valve assembly for single-pipe heating systems
Ventilunterteil;Valve body
Regulierteller;Control disc
Steigrohr-Ventilgarnitur für Zweirohrheizungen;Riser pipe valve assembly for two-pipe heating systems
Konvektor;Convector
Sockelkonvektor;Base convector
Energiespar-Ventilheizkörper;Energy-saving valve radiator
Entleerungsventil;Drain valve
Kugelhahnverschraubung für Ventilheizkörper;Ball valve fitting for valve radiators
Unterflurkonvektor;Underfloor convector
Bohrkonsole;Drilling bracket
Exzenter;Eccentric
Halter;Bracket
Konsolenfuß;Bracket base
Einstückkonsole;One-piece bracket
Konsolensteg;Bracket crossbar
Sicherungsbügel;Safety bracket
Standkonsole;Floor bracket
Wandabstandshalter;Wall spacer
Anschlusskugelhahn;Connection ball valve
Einzelraumregelung;Individual room control
Entlüftungsventil;Vent valve
Füll- und Entleerungshahn;Fill and drain valve
Fußbodenheizung;Underfloor heating
Verteilerschrank;Manifold cabinet
Unterputzkasten;Flush-mounted box
Ablauftrichter;Drain funnel
Anschluss für den Füllschlauch;Connection for the fill hose
Lufttopf;Air vent
Schnellentlüfter;Quick-release vent
Schwimmentlüfter;Float vent
Enthärtungsarmatur;Water softener valve
Füllkombination;Filling combination
Systemtrenner;System separator
Entlüftungsschlüssel;Vent key
Entlüftungsstopfen;Vent plug
Luftschleuse;Air lock
Entleerungsarmatur;Drain valve
Abdeckplatte;Cover plate
Dach;Roof
Durchführung, belüftet;Ventilated feed-through
Regenabweiskragen;Rain deflector collar
Stahlschornstein;Steel chimney
Meidinger Scheibe;Meidinger disc
T-Stück mit Ruß- und Kondensat-Sammeltopf;T-piece with soot and condensate collection pot
Schornstein;Chimney
Dachgeschoss (DG);Attic
Einzelfeuerstätte;Single-unit fireplace
Kellergeschoss;Basement
mehrfach belegt;multiple uses
Obergeschoss;Upper floor
Putztür;Access door
Revisionstür für den Abluftschacht;Inspection door for the exhaust flue
Schornstein, einfach belegt;Chimney, single-flue
Ummauerung;Enclosure
EG;Ground floor
Heizkessel mit Strömungssicherung;Boiler with flow restrictor
Heizraum-Abluftöffnung;Boiler room exhaust vent
KG;Basement
OG;First floor
Reinigungsverschluss;Cleaning plug
Schornsteinkopf;Chimney cap
Schornsteinmündung;Chimney outlet
Schornsteinsockel;Chimney base
Zuluftöffnung;Supply air opening
Abgasklappe, motorisch gesteuert;Exhaust damper, motor-controlled
Abgasklappe, thermisch gesteuert;Exhaust damper, thermally controlled
Abgasrohr;Exhaust pipe
geöffnet;Open
geschlossen;closed
Klappe;Flap
Klappenwelle;Valve shaft
Stellmotor;Actuator
Abgasverlustmessung;Exhaust gas leakage measurement
Bacharach-Skala;Bacharach scale
Kontrollausdruck;Control printout
Rußmessung im Abgasrohr;Soot measurement in the exhaust pipe
Rußpumpe;Soot pump
Rußzahl bestimmen;Determine soot count
Filterblatt einspannen;Clamp the filter sheet
Luftauslass;Air outlet
Lufteinlass;Air inlet
Luftleitung;Air duct
Ventilator;Fan
Umluft;Recirculation
Abluftventilator;Exhaust fan
Entfeuchten;Dehumidification
Lufterhitzer;Air heater
Zuluftventilator;Supply air fan
Luftbefeuchter;Humidifier
Wärmerückgewinnung;Heat recovery
Aktivkohlefilter;Activated carbon filter
Axialventilator;Axial fan
Freiläufer;Free-wheeling fan
Metallfilter;Metal filter
Radialventilator;Centrifugal fan
Axialventilator für den Wandeinbau;Axial fan for wall mounting
Beutelfilter;Bag filter
Filtermatten;Filter mats
Planfilter;Flat filter
Rollbandfilter;Roll-type filter
Entwässerung;Drainage
Plattenwärmetauscher;Plate heat exchangers
Plattenwärmeübertrager;Plate heat exchangers
Warmwasserlufterhitzer;Hot water air heater
Elektrolufterhitzer;Electric air heater
Dampfbefeuchter;Steam humidifiers
Kulisse;Sliding damper
Kulissenschalldämpfer;Duct silencer
Verdunstungsbefeuchter;Evaporative humidifier
Schalldämpferkulisse;Silencer assembly
Telefonieschalldämpfer;Telephony silencer
Umlaufsprühbefeuchter;Recirculating spray humidifier
Auslass;Outlet
Inspektionsöffnung;Inspection opening
Kunststoffleitung;Plastic pipe
Lamellen;Fins
Lüftungsgitter;Ventilation grille
Schlauch aus Aluminium, flexibel;Aluminum hose, flexible
Schlauch, gedämmt;Insulated hose
Verbinder;Connectors
Steck- und Dichtungssystem;Plug-in and sealing system
Tellerventil für Abluft;Diaphragm valve for exhaust air
Weitwurfventil für Zuluft;Long-throw valve for supply air
Abluft-Bereich;Exhaust air section
Lüftungsgerät;Ventilation unit
Lüftungsgerät, dezentral;Decentralized ventilation unit
Lüftungssystem, zentral;Central ventilation system
Überström-Bereich;Overflow section
Überströmluftdurchlass;Overflow air vent
Zuluft-Bereich;Supply air section
Zuluftmodus;Supply air mode
Messgerät;Measuring device
Kupferrohr;Copper pipe
Kupfer;Copper
schweißbar;weldable
Rohrschelle;Pipe clamp
Filter;Filter
Wärmedämmung;Thermal insulation
Elektrolyt;Electrolyte
Spannungsmessgerät;Voltage meter
Stahl;Steel
Verbraucher;Consumer
Schalter;Switch
Widerstand R;Resistance R
Schutzleiter;Protective conductor
Absperrventil;Shut-off valve
Standrohr;Riser pipe
Abzweig;Branch
Absperrarmatur;Shut-off valve
Rückflussverhinderer;Backflow preventer
Überlaufrohr;Overflow pipe
Zündelektrode;Ignition electrode
Wärmetauscher;Heat exchanger
Auffangwanne;Drip tray
Schwerkraftbremse;Gravity brake
Außenluft;Outside air
Fortluft;Exhaust air
Abluft;Exhaust air
Zuluft;Supply air
Luftkühler;Air cooler
Werkstück;Workpiece
innen;Interior
Sauerstoff;Oxygen
Druckminderer;Pressure reducer
